date,Battery (Charging) -  MW,Pumps -  MW,Coal (Brown) -  MW,Coal (Black) -  MW,Bioenergy (Biomass) -  MW,Distillate -  MW,Gas (Steam) -  MW,Gas (CCGT) -  MW,Gas (OCGT) -  MW,Gas (Reciprocating) -  MW,Gas (Waste Coal Mine) -  MW,Battery (Discharging) -  MW,Hydro -  MW,Wind -  MW,Solar (Utility) -  MW,Solar (Rooftop) -  MW,Emissions Intensity - kgCO₂e/MWh,Price - AUD/MWh
2021-10-08 11:30,-124.00,-238.30,2697.00,7853.00,24.60,-0.17,79.91,291.90,-1.02,0.00,34.30,0.01,781.90,1789.00,2861.00,0.00,NaN,-46.55
2021-10-08 12:00,-64.16,-238.02,2728.83,7808.17,23.90,-0.17,82.68,294.77,-1.00,0.00,32.47,6.26,791.82,1737.67,2832.00,4254.25,NaN,-72.39
2021-10-08 12:30,-82.51,-264.18,2690.67,7879.50,25.05,-0.19,81.79,294.37,-0.84,0.00,32.24,0.58,845.55,1654.83,2637.33,8578.92,NaN,-56.98
2021-10-08 13:00,-40.77,-316.93,2581.33,7934.17,31.15,-0.17,80.98,294.05,-0.97,0.00,32.16,0.24,821.27,1527.33,2733.33,8479.08,NaN,-53.81
2021-10-08 13:30,-49.21,-317.13,2600.17,7928.17,34.47,-0.18,81.99,294.48,-0.64,0.00,32.15,0.68,807.42,1745.00,2557.17,8283.50,NaN,-41.43
2021-10-08 14:00,-34.12,-316.22,2650.17,7865.50,39.22,-0.10,81.07,295.00,-0.28,0.00,32.04,0.89,817.53,1758.17,2762.50,7953.08,NaN,-45.01
2021-10-08 14:30,-14.61,-276.63,2655.50,7992.50,43.90,-0.09,81.89,295.13,-1.08,0.00,31.95,1.28,899.35,1803.33,2905.17,7395.83,NaN,-29.31
2021-10-08 15:00,-5.45,-66.18,2593.83,8141.33,51.65,-0.09,81.70,299.47,-1.06,0.00,32.02,6.60,945.62,1960.17,3033.33,6693.17,NaN,-25.41
2021-10-08 15:30,-12.62,0.00,2589.17,8472.17,58.58,-0.13,84.41,355.67,-1.03,0.00,36.29,10.33,1044.83,2161.83,3158.67,5791.92,NaN,-26.46
2021-10-08 16:00,-9.02,0.00,2584.00,9050.67,60.07,-0.11,80.65,491.83,-1.03,0.00,51.03,9.54,1180.17,2361.33,3214.67,4655.58,NaN,0.53
2021-10-08 16:30,-11.54,0.00,2729.17,9986.33,60.68,-0.09,82.01,716.00,-1.04,0.00,54.70,4.19,1212.83,2503.83,2913.00,3477.67,NaN,-1.87
2021-10-08 17:00,-20.61,0.00,3066.83,10934.67,58.45,-0.09,85.21,747.42,127.21,0.00,58.64,15.01,1248.00,2459.67,2504.17,2322.83,NaN,6.27
2021-10-08 17:30,-5.00,0.00,3337.33,11854.33,52.68,-0.09,86.39,974.15,267.70,14.58,62.86,27.30,1689.33,2216.33,1479.83,1288.28,NaN,26.25
2021-10-08 18:00,-0.16,0.00,3679.83,12546.83,58.70,-0.16,107.30,1165.67,298.12,87.17,63.00,35.95,2475.83,1792.33,456.27,551.10,NaN,48.54
2021-10-08 18:30,-0.14,0.00,3785.17,12864.83,56.25,-0.13,139.57,1286.33,329.12,175.47,60.78,40.08,3025.00,1463.33,59.15,162.05,NaN,112.00
2021-10-08 19:00,-0.13,0.00,3918.83,12893.67,52.15,-0.18,220.00,1290.50,467.43,190.93,49.59,56.20,2987.17,1317.83,1.42,25.09,NaN,232.20
2021-10-08 19:30,-0.65,0.00,4004.33,12765.83,54.68,-0.14,226.25,1274.50,432.97,191.00,58.42,23.08,2866.67,1307.00,0.03,1.41,NaN,75.98
2021-10-08 20:00,-0.17,0.00,4008.83,12673.00,58.87,-0.19,220.55,1266.33,324.10,175.93,59.66,19.75,2531.67,1531.83,0.20,0.00,NaN,66.86
2021-10-08 20:30,-0.09,0.00,4025.00,12541.67,57.43,-0.20,174.27,1271.83,189.53,98.41,57.55,23.36,2398.50,1615.00,0.10,0.00,NaN,62.03
2021-10-08 21:00,-0.28,0.00,4017.67,12251.83,52.38,-0.18,110.44,1263.00,115.66,81.97,57.49,14.34,2206.83,1747.33,0.01,0.00,NaN,57.92
2021-10-08 21:30,-0.64,0.00,4011.00,11771.50,54.93,-0.23,101.03,1268.50,111.34,43.04,57.33,7.83,2152.83,1928.33,0.00,0.00,NaN,50.66
2021-10-08 22:00,-31.91,0.00,4022.50,11595.83,57.62,-0.24,103.42,1247.83,4.76,15.05,58.07,9.64,2120.33,1906.00,0.07,0.00,NaN,52.63
2021-10-08 22:30,-0.38,0.00,4027.17,11342.50,56.18,-0.17,102.31,1122.00,-0.47,1.58,58.21,16.24,2105.83,1910.33,0.00,0.00,NaN,59.00
2021-10-08 23:00,-6.99,0.00,4031.00,11274.67,51.20,-0.20,102.67,1021.83,-0.46,0.00,50.02,8.57,2043.50,1925.00,0.03,0.00,NaN,53.69
2021-10-08 23:30,-0.25,0.00,4035.83,11331.17,58.50,-0.23,104.11,937.73,-0.29,0.00,51.61,10.20,2028.33,1894.00,0.07,0.00,NaN,68.78
2021-10-09 00:00,-1.21,0.00,4027.67,11158.83,55.70,-0.24,104.32,936.33,-0.49,0.00,51.94,15.64,1954.00,1881.83,0.07,0.00,NaN,56.14
2021-10-09 00:30,-0.44,0.00,4030.83,10877.67,53.27,-0.17,111.90,939.18,-0.49,0.00,52.09,10.02,1754.33,1845.50,0.01,0.00,NaN,56.36
2021-10-09 01:00,-0.25,0.00,4032.50,10604.50,56.77,-0.17,102.22,911.32,-0.47,0.00,52.88,9.34,1644.00,1824.00,0.01,0.00,NaN,50.63
2021-10-09 01:30,-2.95,0.00,4026.17,10494.00,56.32,-0.23,101.73,767.32,-0.48,0.00,53.83,5.31,1309.17,1938.50,-0.08,0.00,NaN,50.98
2021-10-09 02:00,-3.38,0.00,4038.50,10169.17,52.92,-0.17,102.97,491.95,-0.47,0.00,52.08,2.59,1242.33,2064.50,-0.05,0.00,NaN,40.83
2021-10-09 02:30,-15.77,0.00,4032.33,9868.50,46.93,-0.23,101.36,466.62,-0.30,0.00,54.92,1.82,1135.50,2162.83,-0.01,0.00,NaN,37.35
2021-10-09 03:00,-5.34,0.00,4041.33,9662.67,48.42,-0.23,102.68,463.80,-0.46,0.00,56.21,4.33,1020.33,2247.33,-0.08,0.00,NaN,35.65
2021-10-09 03:30,-7.31,0.00,4014.17,9450.17,50.22,-0.17,101.00,462.28,-0.29,0.00,58.38,5.82,992.70,2315.67,-0.12,0.00,NaN,27.47
2021-10-09 04:00,-9.91,0.00,4015.83,9412.33,48.83,-0.22,97.90,459.40,-0.13,0.00,55.30,1.70,997.70,2368.00,-0.12,0.00,NaN,23.00
2021-10-09 04:30,-8.01,0.00,3989.17,9462.33,51.07,-0.22,84.93,461.63,0.05,0.00,56.59,1.71,1042.67,2528.50,-0.11,0.00,NaN,24.99
2021-10-09 05:00,-9.97,0.00,3984.67,9665.17,51.73,-0.17,85.45,461.88,0.05,0.00,56.70,1.03,1073.17,2575.50,-0.11,0.30,NaN,27.62
2021-10-09 05:30,-14.47,0.00,3940.00,9888.33,48.82,-0.17,83.44,460.78,0.07,0.00,57.40,1.03,1145.33,2684.50,0.76,15.67,NaN,35.59
2021-10-09 06:00,-8.43,0.00,3728.33,9994.67,51.80,-0.17,81.08,460.73,0.06,0.00,56.97,34.32,1132.67,2943.33,74.04,172.48,NaN,24.10
2021-10-09 06:30,-9.09,0.00,3586.67,9461.00,50.85,-0.24,80.66,460.08,0.22,0.00,55.93,20.93,1128.00,3010.00,723.75,650.91,NaN,14.38
2021-10-09 07:00,-6.22,0.00,3375.83,8550.33,45.70,-0.17,82.37,458.37,0.57,0.00,39.94,25.98,1160.33,2817.67,1881.17,1468.57,NaN,2.60
2021-10-09 07:30,-18.17,0.00,2977.67,8243.33,45.28,-0.15,84.53,442.05,0.40,0.00,39.06,12.39,1126.00,2546.33,2647.67,2490.08,NaN,-4.13
2021-10-09 08:00,-15.67,0.00,2693.17,8149.50,39.57,-0.27,84.79,442.58,0.41,0.06,39.93,1.05,1120.00,2244.00,2874.50,3592.50,NaN,-20.03
2021-10-09 08:30,-33.05,-304.27,2615.50,8085.00,33.18,-0.17,82.28,441.27,0.40,0.00,37.27,1.49,1143.33,1948.50,3202.50,4583.58,NaN,-9.91
2021-10-09 09:00,-15.27,-317.40,2635.50,7859.17,34.18,-0.19,83.83,440.97,0.57,0.00,34.01,1.28,1103.33,1700.33,2981.33,5553.25,NaN,-25.76
2021-10-09 09:30,-38.23,-177.08,2673.33,7599.00,33.77,-0.17,83.77,441.23,0.41,0.00,33.53,2.31,989.90,1609.33,2685.33,6366.25,NaN,-37.17
2021-10-09 10:00,-20.47,-458.57,2727.83,7573.67,31.27,-0.18,83.97,440.73,0.07,0.00,31.73,1.48,949.68,1501.33,2453.00,7002.92,NaN,-40.40
2021-10-09 10:30,-96.63,-654.95,2798.00,7618.50,27.23,-0.13,85.30,442.82,0.05,0.00,31.75,1.10,917.23,1482.17,2182.00,7610.75,NaN,-44.29
2021-10-09 11:00,-38.55,-704.05,2663.17,7534.83,27.95,-0.08,83.16,441.00,0.23,0.00,31.65,1.67,897.43,1481.50,2063.83,7997.25,NaN,-42.04
2021-10-09 11:30,-25.45,-704.18,2676.83,7588.17,28.63,-0.15,82.52,440.72,0.41,0.00,31.47,9.84,889.85,1549.67,1832.67,8168.50,NaN,-48.96
2021-10-09 12:00,-1.28,-704.08,2594.00,7562.67,25.78,-0.17,82.21,440.35,0.41,0.00,30.86,18.04,887.10,1543.67,1719.00,8301.25,NaN,-51.60
2021-10-09 12:30,-2.86,-704.05,2600.00,7481.67,27.87,-0.14,79.90,438.38,0.41,0.00,28.58,7.31,848.75,1522.00,1736.33,8367.58,NaN,-43.02
2021-10-09 13:00,-6.40,-639.20,2597.33,7504.17,29.95,-0.11,81.66,439.77,0.41,0.00,28.41,8.77,812.03,1583.50,1713.67,8265.42,NaN,-42.07
2021-10-09 13:30,-7.20,-510.58,2595.83,7528.00,30.55,-0.09,82.39,441.23,-0.27,0.00,28.37,3.81,862.03,1695.33,1938.50,7783.17,NaN,-37.60
2021-10-09 14:00,-5.52,-477.73,2595.17,7625.83,29.47,-0.09,83.27,439.97,0.23,0.00,28.35,5.91,874.95,1771.83,2157.00,7309.33,NaN,-38.77
2021-10-09 14:30,-0.46,-351.75,2622.00,7786.00,25.57,-0.09,85.42,440.93,0.57,0.00,28.14,2.48,865.10,1970.17,2305.17,6609.50,NaN,-34.38
2021-10-09 15:00,-18.23,-303.28,2587.50,7916.17,35.15,-0.17,82.46,441.25,0.41,0.00,29.03,2.46,946.88,2151.50,2736.00,5803.33,NaN,-20.65
2021-10-09 15:30,-75.21,-198.02,2624.00,8358.00,48.65,-0.16,82.77,440.93,0.57,0.00,37.45,1.01,1074.33,2409.33,2809.83,4803.42,NaN,-8.19
2021-10-09 16:00,-27.97,0.00,2779.00,8748.00,48.80,-0.15,83.55,440.47,117.72,0.00,47.85,11.84,1179.67,2460.17,2698.00,3864.25,NaN,12.63
2021-10-09 16:30,-5.40,0.00,3081.83,9351.33,52.85,-0.11,82.30,441.12,287.68,0.00,52.82,10.19,1275.17,2783.50,2494.83,2706.08,NaN,14.68
2021-10-09 17:00,-36.70,0.00,3298.00,10209.83,59.07,-0.13,83.70,440.47,339.23,0.00,53.71,24.26,1745.33,2866.00,1985.33,1691.92,NaN,17.47
2021-10-09 17:30,-12.41,0.00,3424.33,11162.33,58.58,-0.19,85.87,459.15,425.40,0.00,58.88,48.45,2384.50,2502.17,1113.62,890.23,NaN,10.02
2021-10-09 18:00,-0.85,0.00,3844.67,11702.50,58.48,-0.19,80.93,522.88,607.23,0.00,60.51,27.63,2858.33,2208.17,275.50,347.17,NaN,69.83
2021-10-09 18:30,-1.83,0.00,3998.33,11903.67,57.43,-0.15,79.96,508.70,807.58,0.00,61.16,12.08,2905.00,2329.17,16.59,93.00,NaN,58.71
2021-10-09 19:00,-3.89,0.00,4020.83,11906.67,57.18,-0.22,80.40,480.23,606.47,0.00,61.14,9.54,2790.83,2691.33,0.34,14.52,NaN,62.53
2021-10-09 19:30,-2.14,0.00,4044.67,11729.50,56.10,-0.21,80.82,454.52,380.37,0.00,61.35,11.54,2699.67,2840.17,-0.02,0.94,NaN,46.91
2021-10-09 20:00,-2.32,0.00,4052.67,11637.17,50.95,-0.19,82.30,452.82,370.47,0.00,62.86,22.23,2364.67,2905.17,-0.02,0.00,NaN,42.61
2021-10-09 20:30,-0.08,0.00,4037.33,11394.00,56.30,-0.15,81.72,453.42,256.75,0.00,63.48,13.56,2221.00,2964.50,-0.02,0.00,NaN,39.25
2021-10-09 21:00,-0.06,0.00,4037.83,11242.00,58.38,-0.20,82.89,465.35,246.57,0.00,62.85,22.93,2091.33,2775.17,-0.02,0.00,NaN,39.62
2021-10-09 21:30,-3.05,0.00,4025.33,11127.00,57.07,-0.28,82.02,456.72,246.65,0.00,62.46,9.57,1895.33,2836.17,-0.03,0.00,NaN,39.45
2021-10-09 22:00,-1.02,0.00,4023.50,10927.67,56.22,-0.21,80.59,455.92,238.43,0.00,62.14,7.90,1799.00,2727.17,-0.03,0.00,NaN,39.91
2021-10-09 22:30,-1.61,0.00,4025.67,10730.50,53.12,-0.21,82.21,473.85,152.13,0.00,64.08,11.02,1809.50,2743.83,-0.02,0.00,NaN,50.94
2021-10-09 23:00,-11.67,0.00,4019.17,10581.00,55.10,-0.21,80.61,456.73,151.93,0.00,64.69,4.43,1712.33,2745.00,-0.02,0.00,NaN,44.04
2021-10-09 23:30,-18.45,0.00,4036.00,10543.67,51.23,-0.19,83.66,461.03,145.85,0.00,63.02,1.07,1543.17,2789.33,-0.02,0.00,NaN,40.26
2021-10-10 00:00,-19.32,0.00,4042.00,10260.00,52.93,-0.26,83.98,458.00,109.97,0.00,64.05,1.18,1515.33,2819.50,-0.02,0.00,NaN,35.55
2021-10-10 00:30,-10.93,0.00,4039.00,9745.67,56.10,-0.24,84.94,458.42,107.93,0.00,62.90,13.20,1388.67,3051.00,-0.02,0.00,NaN,33.67
2021-10-10 01:00,-14.40,0.00,4027.83,9474.33,59.23,-0.19,83.18,452.13,99.57,0.00,64.47,5.33,1191.67,3156.33,-0.04,0.00,NaN,32.95
2021-10-10 01:30,-5.40,0.00,4006.17,9148.17,47.43,-0.19,83.18,449.35,96.31,0.00,63.84,14.08,1036.62,3163.33,-0.09,0.00,NaN,24.15
2021-10-10 02:00,-1.89,0.00,3950.67,8881.67,36.73,-0.20,83.25,449.35,79.67,0.00,63.63,6.02,982.48,3138.33,-0.05,0.00,NaN,23.58
2021-10-10 02:30,-5.94,0.00,3821.50,8798.50,31.37,-0.19,82.17,447.33,78.72,0.00,63.63,1.75,991.18,3059.67,-0.02,0.00,NaN,24.23
2021-10-10 03:00,-0.93,0.00,3590.00,8813.33,25.33,-0.22,83.11,449.48,79.28,0.00,63.69,7.47,1007.43,3003.00,-0.02,0.00,NaN,20.92
2021-10-10 03:30,-7.40,0.00,3561.67,8790.33,21.80,-0.18,82.18,449.08,18.15,0.00,64.06,8.01,1004.38,3031.33,-0.02,0.00,NaN,24.71
2021-10-10 04:00,-2.11,0.00,3593.83,8788.00,19.87,-0.19,81.86,446.53,-0.94,0.00,64.00,7.06,993.47,2995.33,-0.02,0.00,NaN,22.45
2021-10-10 04:30,-1.38,0.00,3755.67,8705.00,20.65,-0.17,81.59,447.95,-1.06,0.00,64.51,3.09,1049.00,2919.17,-0.02,0.00,NaN,23.90
2021-10-10 05:00,-0.52,0.00,3908.00,8758.17,19.42,-0.21,82.53,451.07,-1.01,0.00,66.23,9.18,1063.83,2815.67,-0.02,0.43,NaN,17.34
2021-10-10 05:30,-0.42,0.00,3982.17,8911.33,20.12,-0.24,81.95,448.52,-1.00,0.00,64.27,48.81,1152.50,2685.67,1.14,18.18,NaN,26.83
2021-10-10 06:00,-6.96,0.00,3992.33,8990.83,21.07,-0.18,80.08,445.63,-0.95,0.00,59.63,31.47,1298.33,2494.83,65.51,183.21,NaN,40.16
2021-10-10 06:30,-3.34,-240.05,4000.00,8888.17,21.37,-0.26,81.82,444.97,-0.74,0.00,67.62,44.24,1221.00,2586.00,476.70,626.28,NaN,26.23
2021-10-10 07:00,-0.25,-239.67,3991.17,8464.00,20.35,-0.23,82.75,447.23,-0.75,0.00,54.29,31.53,1202.50,2495.17,977.33,1332.87,NaN,25.83
2021-10-10 07:30,-9.66,-240.02,3945.83,8254.17,19.57,-0.18,82.71,446.22,-0.42,0.00,39.87,6.99,1216.83,2108.83,1439.83,2282.67,NaN,15.40
2021-10-10 08:00,-14.48,-305.48,3786.50,8138.83,20.08,-0.24,82.66,446.52,-0.24,0.00,39.16,10.34,1144.00,2129.33,1575.17,3208.92,NaN,6.59
2021-10-10 08:30,-25.51,-354.28,3267.17,7993.83,20.37,-0.19,82.44,444.37,-0.59,0.00,39.16,1.01,1133.50,2067.83,1898.83,4192.25,NaN,2.90
2021-10-10 09:00,-26.64,-395.73,2718.33,7925.17,19.13,-0.17,83.73,442.15,-0.41,0.00,39.17,6.31,1208.67,2041.00,1889.50,5246.75,NaN,-16.77
2021-10-10 09:30,-31.05,-401.95,2578.00,7661.00,18.12,-0.21,86.39,443.55,0.10,0.00,39.17,6.47,1189.17,2065.83,2148.33,5960.50,NaN,-27.33
2021-10-10 10:00,-2.00,-400.97,2479.33,7656.33,16.27,-0.18,86.31,443.48,0.10,0.00,39.12,23.36,1121.00,2114.00,2113.33,6363.00,NaN,-17.78
2021-10-10 10:30,-1.28,-401.52,2479.83,7702.67,15.63,-0.17,80.89,440.25,-0.24,0.00,39.12,8.58,1244.50,2133.17,1844.50,6568.50,NaN,-5.59
2021-10-10 11:00,-5.21,-401.18,2429.67,7594.67,27.65,-0.17,80.72,440.67,-0.07,0.00,39.05,4.53,1206.83,1926.33,1942.83,6888.58,NaN,-17.11
2021-10-10 11:30,-2.90,-400.88,2461.33,7540.83,28.42,-0.22,84.22,441.40,0.10,0.00,38.94,5.61,1109.17,1955.00,1633.33,7454.92,NaN,-34.83
2021-10-10 12:00,-2.92,-393.60,2494.00,7454.00,27.97,-0.24,82.86,441.45,0.10,0.00,39.46,2.18,999.65,2191.50,1603.67,7653.83,NaN,-27.26
2021-10-10 12:30,-11.42,-357.38,2455.67,7782.83,26.28,-0.18,82.68,440.62,-0.07,0.00,39.21,1.82,1083.13,1917.83,1678.33,7381.67,NaN,-19.88
2021-10-10 13:00,-18.46,-357.42,2453.17,7878.83,28.52,-0.18,83.16,440.50,-0.24,0.00,37.69,14.13,1112.83,1925.50,1813.83,7031.08,NaN,-18.80
2021-10-10 13:30,-30.25,-346.82,2460.83,8212.67,30.27,-0.19,83.09,442.10,-0.24,0.00,37.58,6.07,1188.67,1975.33,1836.67,6604.17,NaN,-44.38
2021-10-10 14:00,-9.86,-236.72,2448.50,8407.17,32.78,-0.16,82.06,442.65,0.10,0.00,36.98,9.80,1248.50,1950.00,1954.33,6039.83,NaN,-18.41
2021-10-10 14:30,-76.57,-236.42,2447.17,8758.50,39.00,-0.16,81.78,441.60,-0.25,0.00,37.11,1.02,1191.00,2177.83,1996.17,5505.33,NaN,-9.17
2021-10-10 15:00,-79.88,-79.23,2433.83,9074.00,45.17,-0.18,80.69,440.43,0.10,0.00,52.31,0.85,1236.00,2197.83,2021.83,4947.50,NaN,-12.05
2021-10-10 15:30,-62.74,0.00,2450.83,9361.83,45.58,-0.19,82.68,451.65,0.10,0.00,58.72,0.80,1379.83,2487.67,2087.83,4271.75,NaN,0.30
2021-10-10 16:00,-81.29,0.00,2500.00,9935.50,42.83,-0.23,80.91,458.35,0.10,0.00,58.51,0.01,1570.17,2627.33,2113.33,3492.33,NaN,11.78
2021-10-10 16:30,-74.96,0.00,2675.67,10464.50,50.55,-0.18,83.07,460.40,236.26,0.00,57.62,0.06,1481.83,2903.00,2019.33,2671.83,NaN,6.22
2021-10-10 17:00,-22.63,0.00,3051.67,11145.33,57.25,-0.23,83.83,461.33,299.15,0.00,58.66,1.72,1923.50,2644.33,1707.50,1798.34,NaN,13.43
2021-10-10 17:30,-2.66,0.00,3193.50,11861.67,54.83,-0.19,84.18,461.93,307.37,0.00,59.69,14.81,2427.00,2755.33,1140.23,1006.03,NaN,24.16
2021-10-10 18:00,-7.82,0.00,3583.33,11989.00,56.55,8.83,82.55,466.83,466.08,0.00,60.97,11.64,3270.83,2609.17,525.60,458.85,NaN,53.47
2021-10-10 18:30,-37.84,0.00,3791.17,12153.50,58.33,93.57,80.55,526.82,484.57,0.00,61.93,0.95,3554.67,2710.50,76.61,153.44,NaN,130.40
2021-10-10 19:00,-36.24,0.00,3867.17,12156.33,58.93,93.15,84.16,511.77,492.60,0.00,60.87,11.67,3460.33,2899.50,2.97,28.11,NaN,101.80
2021-10-10 19:30,-25.21,0.00,3882.00,11984.33,59.03,85.29,82.67,519.15,489.23,0.00,62.12,0.51,3525.17,2603.50,0.10,1.97,NaN,52.80
2021-10-10 20:00,-16.55,0.00,3874.50,11859.50,51.27,69.46,82.35,514.87,472.02,0.00,63.26,4.33,3116.50,2847.83,0.03,0.00,NaN,56.63
2021-10-10 20:30,-3.84,0.00,3903.67,11657.17,57.17,34.09,86.55,518.75,397.33,0.00,63.31,47.22,2668.17,2922.67,0.03,0.00,NaN,53.03
2021-10-10 21:00,-8.93,0.00,3907.00,11415.83,55.32,-0.18,84.07,515.50,341.57,0.00,62.41,130.09,2632.67,2692.67,0.03,0.00,NaN,52.67
2021-10-10 21:30,-0.61,0.00,3973.33,11185.17,57.67,-0.17,81.72,516.90,151.82,0.00,62.52,1.79,2656.83,2612.83,0.03,0.00,NaN,46.83
2021-10-10 22:00,-3.29,0.00,3843.33,10941.00,53.98,-0.24,82.15,517.88,149.67,0.00,64.02,6.62,2408.67,2603.00,0.39,0.00,NaN,35.88
2021-10-10 22:30,-10.11,0.00,3730.17,10809.67,57.58,-0.22,80.98,516.12,149.13,0.00,64.78,14.02,2243.00,2610.83,0.03,0.00,NaN,43.90
2021-10-10 23:00,-9.58,0.00,3666.50,10654.50,57.25,-0.19,81.85,517.07,143.03,0.00,64.36,5.17,2060.67,2613.67,0.03,0.00,NaN,35.54
2021-10-10 23:30,-1.58,0.00,3832.17,10323.00,55.98,-0.28,83.73,520.27,110.83,0.00,64.61,9.21,2151.00,2637.67,0.03,0.00,NaN,36.44
2021-10-11 00:00,-2.46,0.00,3976.00,10203.83,52.60,-0.18,82.70,519.35,104.53,0.00,65.71,12.96,1883.83,2665.50,0.03,0.00,NaN,30.19
2021-10-11 00:30,-0.36,0.00,3992.33,9947.67,56.78,-0.18,82.03,519.62,79.43,0.00,64.61,16.61,1728.50,2709.83,0.03,0.00,NaN,31.61
2021-10-11 01:00,-16.98,0.00,3922.67,9782.00,55.38,-0.27,81.42,522.13,79.78,0.00,64.78,11.11,1748.67,2698.00,0.02,0.00,NaN,30.30
2021-10-11 01:30,-8.58,0.00,3805.17,9562.67,57.05,-0.24,81.23,518.00,79.28,0.00,62.84,4.28,1690.17,2665.33,2.19,0.00,NaN,29.27
2021-10-11 02:00,-0.21,0.00,3619.83,9462.33,56.70,-0.26,82.86,521.60,79.15,0.00,64.06,12.66,1537.00,2660.83,0.00,0.00,NaN,22.95
2021-10-11 02:30,-6.39,0.00,3532.67,9366.83,59.50,-0.19,82.18,523.98,5.37,0.00,62.57,7.38,1565.50,2614.00,0.04,0.00,NaN,21.83
2021-10-11 03:00,-11.28,0.00,3560.00,9316.50,58.78,-0.19,82.56,522.50,-0.51,0.00,60.44,8.63,1574.17,2570.83,0.05,0.00,NaN,22.92
2021-10-11 03:30,-6.99,0.00,3535.67,9361.17,57.40,-0.17,81.58,522.20,-0.72,0.00,60.43,6.20,1594.67,2525.50,0.26,0.00,NaN,23.08
2021-10-11 04:00,-0.26,0.00,3690.67,9499.00,57.10,-0.22,82.67,524.97,-0.74,0.00,58.73,19.78,1609.33,2406.50,0.33,0.00,NaN,24.90
2021-10-11 04:30,-0.30,0.00,3912.00,9860.17,55.35,-0.22,81.63,522.08,-0.35,0.00,57.88,17.21,1514.83,2394.50,0.04,0.00,NaN,37.78
2021-10-11 05:00,-0.22,0.00,3954.83,10224.33,55.43,-0.18,82.57,531.42,0.35,0.00,58.53,23.15,1891.83,2338.67,0.04,0.21,NaN,40.54
2021-10-11 05:30,-1.10,0.00,3882.17,10813.67,53.07,-0.27,81.53,598.25,0.35,0.00,63.24,17.07,2414.17,2280.33,0.63,9.85,NaN,55.95
2021-10-11 06:00,-0.12,0.00,3829.33,11570.50,59.55,-0.25,82.05,472.33,0.01,0.00,67.03,34.23,2895.50,2230.67,59.97,115.20,NaN,82.33
2021-10-11 06:30,-1.19,0.00,3788.00,11685.33,63.37,-0.16,81.16,571.82,140.59,0.00,66.75,48.52,3093.00,2142.50,588.72,506.53,NaN,119.10
2021-10-11 07:00,-18.80,0.00,3832.00,11363.17,60.30,-0.16,81.13,742.40,144.22,0.00,65.84,31.03,2940.00,1941.17,1595.00,1182.07,NaN,63.25
2021-10-11 07:30,-96.19,0.00,3788.17,11339.83,55.98,-0.19,82.23,713.73,32.01,0.00,65.97,14.62,2613.00,1682.33,2443.83,1979.00,NaN,38.77
2021-10-11 08:00,-76.78,-159.33,3723.33,11300.17,58.28,-0.10,85.75,702.47,-0.73,0.00,65.00,10.93,2155.33,1510.33,2833.17,2857.00,NaN,32.44
2021-10-11 08:30,-4.48,-239.67,3562.33,11126.00,56.08,-0.15,83.01,690.97,-0.80,0.00,65.74,6.79,1852.33,1465.33,3081.33,3564.75,NaN,22.94
2021-10-11 09:00,-0.71,-239.72,3839.33,10377.50,50.15,-0.09,82.21,681.77,-0.35,0.00,62.61,41.94,1501.33,1534.33,3146.00,4202.75,NaN,40.65
2021-10-11 09:30,-5.61,-239.35,3770.67,9654.00,55.22,-0.16,84.04,536.13,-0.37,0.00,61.14,121.53,1605.33,1608.50,3163.50,4990.25,NaN,11.82
2021-10-11 10:00,-53.41,-238.75,3705.50,9409.50,57.25,-0.13,83.57,509.22,-0.72,0.00,42.70,71.61,1584.00,1495.50,3185.33,5717.08,NaN,8.73
2021-10-11 10:30,-73.57,-239.05,3709.83,9106.50,56.87,-0.08,81.65,538.17,0.17,0.00,40.74,9.05,1727.83,1300.83,3284.67,6074.08,NaN,15.69
2021-10-11 11:00,-16.37,-238.50,3780.83,8947.33,52.58,-0.09,82.30,541.02,0.35,0.00,40.71,87.82,1603.50,1139.50,3320.50,6310.67,NaN,20.47
2021-10-11 11:30,-38.82,-238.55,3636.00,8989.67,52.35,-0.14,82.04,507.90,0.18,0.00,41.13,95.41,1628.00,977.18,3417.17,6496.67,NaN,18.15
2021-10-11 12:00,-33.35,-237.93,3654.67,9147.50,53.55,-0.14,82.00,503.92,-0.39,0.00,44.70,3.56,1551.50,949.38,3402.67,6520.75,NaN,26.94
2021-10-11 12:30,-146.37,-237.92,3667.83,9548.17,51.20,-0.09,82.90,439.20,-0.71,0.00,54.94,9.29,1525.17,880.50,3331.67,6265.25,NaN,26.24
2021-10-11 13:00,-108.53,-237.72,3545.67,9832.67,51.17,-0.07,82.42,437.20,-1.27,0.00,62.07,98.82,1552.50,831.20,3202.17,5992.25,NaN,31.09
2021-10-11 13:30,-57.45,-119.03,3507.17,9960.17,56.33,-0.12,81.81,450.18,0.02,0.00,66.15,11.90,1512.00,871.95,3032.00,5815.83,NaN,44.23
2021-10-11 14:00,-88.74,0.00,3364.67,10092.83,46.83,-0.07,81.36,461.33,-0.38,0.00,67.24,0.87,1463.00,929.43,2975.00,5510.67,NaN,24.10
2021-10-11 14:30,-82.31,0.00,3275.67,10346.00,50.58,-0.12,83.86,479.95,108.52,0.00,64.78,1.55,1625.33,982.32,2730.00,5173.75,NaN,24.91
2021-10-11 15:00,-60.77,0.00,2990.33,10931.33,50.40,-0.15,80.41,569.23,177.52,0.00,62.99,1.07,1890.83,1054.17,2470.83,4571.08,NaN,53.81
2021-10-11 15:30,-42.61,0.00,3042.33,10881.17,55.52,-0.07,90.25,740.65,427.02,0.00,64.10,5.90,1879.50,1178.00,2338.83,4080.17,NaN,42.58
2021-10-11 16:00,-41.76,0.00,3039.50,11336.17,54.72,-0.10,187.13,747.93,561.82,0.00,66.24,8.11,1873.50,1300.67,2392.50,3395.92,NaN,23.53
2021-10-11 16:30,-4.67,0.00,3234.50,11947.67,55.17,-0.08,223.92,871.93,587.40,0.00,66.61,15.74,2057.83,1510.50,2120.17,2541.92,NaN,23.37
2021-10-11 17:00,-9.26,0.00,3317.17,12605.50,57.78,-0.07,328.87,1059.27,666.90,0.00,66.48,6.68,2268.83,1899.00,1673.83,1731.73,NaN,47.46
2021-10-11 17:30,-8.48,0.00,3508.33,12545.50,56.82,7.60,431.28,1105.17,795.57,0.00,66.13,10.41,2833.50,2114.50,1190.15,1042.72,NaN,58.80
2021-10-11 18:00,-0.18,0.00,3769.67,12451.17,55.80,44.26,509.72,1195.83,861.47,0.00,66.66,18.95,3741.00,2139.00,463.78,509.45,NaN,66.05
2021-10-11 18:30,-0.84,0.00,3849.17,12550.00,55.52,61.26,513.15,1236.67,1006.18,0.00,67.00,14.89,4004.67,2207.67,81.38,168.30,NaN,71.11
2021-10-11 19:00,-2.21,0.00,3999.33,12492.00,52.28,55.26,419.58,1241.83,980.58,0.00,67.08,5.67,3988.00,2421.33,3.43,29.57,NaN,79.07
2021-10-11 19:30,-2.28,0.00,3990.17,12165.33,57.12,50.03,420.12,1123.50,880.50,0.00,67.22,3.66,3889.50,2690.00,0.10,2.01,NaN,57.63
2021-10-11 20:00,-0.13,0.00,3926.67,12056.00,54.92,63.33,419.80,1148.83,727.13,0.00,67.52,9.02,3475.67,2949.17,0.06,0.00,NaN,53.28
2021-10-11 20:30,-0.10,0.00,3879.00,11820.17,52.47,66.42,422.38,1153.00,481.52,0.00,66.88,21.51,3286.67,3022.83,-0.02,0.00,NaN,59.42
2021-10-11 21:00,-0.10,0.00,3859.50,11689.67,58.18,-0.10,417.87,1122.33,419.30,0.00,63.72,10.85,2855.67,2989.17,1.08,0.00,NaN,56.61
2021-10-11 21:30,-1.89,0.00,3859.17,11444.83,57.85,-0.09,411.18,1041.17,278.00,0.00,63.40,5.96,2599.50,3025.00,-0.03,0.00,NaN,49.37
2021-10-11 22:00,-5.44,0.00,3864.83,11186.83,56.25,-0.07,228.63,991.32,177.25,0.00,65.81,4.62,2326.50,3101.67,-0.03,0.00,NaN,49.81
2021-10-11 22:30,-9.24,0.00,3867.17,10989.33,58.50,-0.17,98.77,983.60,178.32,0.00,67.38,1.96,2046.17,3257.50,-0.01,0.00,NaN,94.55
2021-10-11 23:00,-9.13,0.00,3868.83,10843.00,57.23,-0.12,99.04,931.33,178.67,0.00,67.38,3.74,1829.33,3205.33,-0.02,0.00,NaN,59.39
2021-10-11 23:30,-2.21,0.00,3912.50,10670.33,19.42,-0.12,101.54,805.55,177.52,0.00,67.50,16.26,1872.17,3261.17,-0.02,0.00,NaN,44.07
2021-10-12 00:00,-3.80,0.00,3967.00,10538.00,12.07,-0.17,100.97,729.20,113.31,0.00,67.42,5.86,1777.00,3368.33,-0.02,0.00,NaN,44.15
2021-10-12 00:30,-20.70,0.00,3907.83,10318.17,12.00,-0.09,98.14,766.82,77.47,0.00,67.60,4.62,1602.17,3381.83,-0.02,0.00,NaN,40.42
2021-10-12 01:00,-62.20,0.00,3831.17,10062.00,11.68,-0.13,81.20,724.20,78.44,0.00,67.80,2.61,1567.50,3502.50,-0.04,0.00,NaN,35.98
2021-10-12 01:30,-113.99,0.00,3771.00,9755.17,11.37,-0.11,81.86,739.05,26.06,0.00,66.87,3.11,1502.00,3451.67,-0.09,0.00,NaN,39.13
2021-10-12 02:00,-90.65,-41.14,3631.83,9449.17,12.30,-0.10,80.78,719.03,77.92,0.00,68.08,3.02,1455.00,3405.00,-0.06,0.00,NaN,23.04
2021-10-12 02:30,-40.42,-346.68,3622.50,9411.33,10.68,-0.12,82.64,832.43,77.92,0.00,67.75,20.47,1460.00,3293.17,3.08,0.00,NaN,24.99
2021-10-12 03:00,-9.00,-359.95,3669.50,9282.67,9.85,-0.10,81.68,852.98,77.73,0.00,68.90,14.06,1449.50,3157.33,-0.02,0.00,NaN,25.36
2021-10-12 03:30,-23.57,-359.77,3778.33,9235.67,54.38,-0.17,80.99,932.38,77.93,0.00,70.02,8.97,1438.67,3006.50,1.09,0.00,NaN,19.28
2021-10-12 04:00,-7.23,-359.35,3904.83,9349.33,55.05,-0.12,81.87,925.03,77.66,0.00,70.79,13.42,1466.83,2886.33,1.10,0.00,NaN,30.93
2021-10-12 04:30,-1.66,-346.07,3992.67,9466.33,51.35,-0.10,80.66,952.75,78.98,0.00,70.71,9.53,1677.17,2907.67,-0.02,0.00,NaN,35.30
2021-10-12 05:00,-0.23,-233.05,3983.33,9703.50,41.28,-0.10,82.63,953.50,79.10,0.00,70.68,33.81,1980.67,2984.00,-0.02,0.05,NaN,39.64
2021-10-12 05:30,-2.96,0.00,3960.83,10354.00,38.37,-0.07,80.34,807.92,113.46,0.00,68.77,91.17,2275.83,2944.67,0.13,4.42,NaN,103.10
2021-10-12 06:00,-0.23,0.00,3967.83,11156.17,46.77,-0.17,80.78,779.20,122.77,0.00,68.80,28.98,2647.83,2989.83,28.98,59.99,NaN,84.58
2021-10-12 06:30,-0.10,0.00,3863.67,11574.00,55.42,-0.12,80.30,849.75,120.28,0.00,65.94,88.64,2895.00,2966.17,456.17,293.42,NaN,72.95
2021-10-12 07:00,-0.44,0.00,3828.00,11608.00,57.15,-0.06,81.48,831.50,107.83,0.00,64.80,47.89,2923.33,2788.33,1342.22,765.07,NaN,70.93
2021-10-12 07:30,-7.26,0.00,3689.50,11671.50,54.68,-0.16,83.14,802.75,39.60,0.00,66.59,28.34,2749.67,2478.17,2058.17,1376.08,NaN,50.03
2021-10-12 08:00,-13.43,0.00,3394.33,11956.00,56.03,-0.11,80.33,760.18,-1.54,0.00,67.19,0.68,2496.33,2273.50,2260.17,2030.58,NaN,39.16
2021-10-12 08:30,-15.76,0.00,3135.17,11744.00,56.48,-0.09,83.02,569.60,0.87,0.00,64.48,9.88,2210.83,2238.17,2553.83,2816.33,NaN,30.65
2021-10-12 09:00,-11.95,0.00,3025.67,11218.50,50.42,-0.07,81.78,546.00,56.74,0.00,63.16,11.50,1801.33,2260.00,2674.33,3522.83,NaN,18.65
2021-10-12 09:30,-28.71,-198.30,2862.33,10975.83,54.30,-0.07,81.28,584.70,55.86,0.00,62.27,3.57,1575.17,2123.00,2841.67,4275.25,NaN,22.33
2021-10-12 10:00,-32.72,-279.52,2797.83,10742.67,53.73,-0.07,83.46,579.33,54.82,0.00,60.89,0.01,1381.50,2041.17,2869.00,4900.00,NaN,7.34
2021-10-12 10:30,-17.23,-279.08,2702.83,10607.50,50.18,-0.09,82.78,561.00,36.31,0.00,60.85,2.98,1259.67,2126.17,2723.67,5321.50,NaN,8.61
2021-10-12 11:00,-20.51,-272.05,2599.17,10302.50,56.88,-0.07,80.88,537.95,-0.29,0.00,60.82,0.01,1213.83,2178.67,2744.50,5644.67,NaN,9.19
2021-10-12 11:30,-7.13,-236.52,2626.17,10014.83,52.83,-0.07,85.38,541.30,-0.64,0.00,58.76,8.23,1159.00,2215.50,2760.83,5884.50,NaN,4.07
2021-10-12 12:00,-59.66,-236.25,2605.17,9982.17,52.35,-0.07,82.94,537.95,-0.30,0.00,59.52,0.15,1084.92,2225.00,2792.67,5999.42,NaN,-33.50
2021-10-12 12:30,-51.89,-263.57,2663.50,9936.67,52.82,-0.06,82.81,539.28,-0.30,0.00,58.83,0.08,944.90,2297.00,2752.67,5884.17,NaN,-36.80
2021-10-12 13:00,-0.58,-235.58,2790.50,9802.50,56.48,-0.06,82.90,545.35,-1.16,0.00,59.26,1.86,930.43,2489.17,2575.17,5652.58,NaN,0.25
2021-10-12 13:30,-44.02,-157.38,2742.83,10252.17,46.10,-0.10,83.48,591.43,0.05,0.00,59.97,17.39,1095.83,2447.00,2386.17,5236.83,NaN,2.11
2021-10-12 14:00,-77.83,0.00,2907.83,10249.83,50.18,-0.12,80.26,550.50,48.10,0.00,60.71,4.97,1124.50,2494.50,2246.00,4785.67,NaN,11.53
2021-10-12 14:30,-51.22,0.00,2852.33,10521.00,54.67,-0.07,80.64,602.17,75.04,0.00,59.90,0.38,1154.17,2525.00,2005.33,4432.92,NaN,3.92
2021-10-12 15:00,-22.38,0.00,3001.83,10528.67,53.50,-0.08,82.35,599.37,205.07,0.00,60.50,0.82,1219.67,2544.33,1961.67,4097.42,NaN,10.27
2021-10-12 15:30,-5.69,0.00,2980.33,10545.33,53.98,-0.07,81.40,583.78,387.83,0.00,63.82,0.57,1320.17,2572.33,2085.33,3621.58,NaN,-2.00
2021-10-12 16:00,-13.12,0.00,2986.00,11077.50,47.60,-0.07,80.77,610.58,529.98,0.00,56.38,0.03,1434.17,2523.33,1963.17,3113.00,NaN,10.29
2021-10-12 16:30,-5.67,0.00,3274.17,11294.00,54.80,-0.14,81.93,679.58,535.35,0.00,55.28,0.39,1551.50,2640.67,2030.50,2494.75,NaN,10.63
2021-10-12 17:00,-25.10,0.00,3349.17,11748.50,54.20,-0.07,81.27,754.77,596.92,0.00,42.04,3.02,2212.83,2769.50,1770.33,1762.13,NaN,9.61
2021-10-12 17:30,-0.27,0.00,3273.00,12450.33,53.65,-0.07,84.04,929.60,602.57,0.00,51.92,39.66,2411.67,2962.00,1222.30,1062.84,NaN,18.60
2021-10-12 18:00,-0.20,0.00,3877.00,12383.33,58.98,-0.07,81.63,921.02,621.52,0.00,59.23,32.83,3259.33,2925.33,519.10,494.17,NaN,50.32
2021-10-12 18:30,-0.02,0.00,4209.50,12579.67,60.05,-0.07,80.33,953.62,692.52,0.00,58.78,56.20,3409.50,2971.67,85.07,162.96,NaN,68.23
2021-10-12 19:00,-0.17,0.00,4259.00,12599.50,59.52,-0.07,81.96,950.58,697.63,0.00,64.40,59.06,3424.00,2996.33,6.99,29.16,NaN,98.75
2021-10-12 19:30,-0.42,0.00,4281.67,12125.17,43.50,83.77,80.26,925.30,606.02,0.00,57.69,21.30,3273.33,3310.17,1.06,1.98,NaN,55.88
2021-10-12 20:00,-1.09,0.00,4325.67,11846.67,52.87,88.43,80.73,927.40,645.05,0.00,57.88,23.89,2670.83,3672.83,-0.02,0.00,NaN,45.58
2021-10-12 20:30,-2.54,0.00,4197.67,11459.83,55.40,89.02,81.49,899.60,541.55,0.00,64.26,9.16,2451.00,3920.50,-0.08,0.00,NaN,29.09
2021-10-12 21:00,-1.61,0.00,3858.17,11157.50,53.23,82.43,81.20,853.03,458.70,0.00,65.41,9.72,2256.67,4144.50,-0.09,0.00,NaN,28.86
2021-10-12 21:30,-0.22,0.00,3442.00,11032.17,54.88,-0.15,80.55,845.07,333.65,0.00,67.41,7.86,2187.83,4395.67,-0.08,0.00,NaN,28.57
2021-10-12 22:00,-13.30,0.00,3273.00,10828.83,58.72,-0.17,80.52,760.57,295.88,0.00,67.66,0.48,1908.83,4386.00,1.03,0.00,NaN,31.67
2021-10-12 22:30,-52.98,0.00,3246.00,10715.83,57.77,-0.17,81.66,685.70,314.05,0.00,67.63,0.03,1752.00,4343.00,-0.09,0.00,NaN,14.52
2021-10-12 23:00,-30.57,0.00,3274.67,10735.17,56.27,-0.20,83.70,535.37,243.58,0.00,66.71,4.09,1525.33,4299.17,0.24,0.00,NaN,28.26
2021-10-12 23:30,-10.50,0.00,3367.83,10542.17,61.72,-0.17,81.07,440.25,220.58,0.00,67.63,2.28,1440.00,4467.67,0.28,0.00,NaN,33.42
2021-10-13 00:00,-0.60,0.00,3294.67,10432.00,57.95,-0.13,83.64,442.07,187.52,0.00,66.69,8.08,1574.67,4315.50,-0.08,0.00,NaN,39.84
2021-10-13 00:30,-0.21,0.00,3227.67,10192.50,57.80,-0.17,82.46,441.75,166.15,0.00,65.94,4.29,1522.33,4203.17,1.03,0.00,NaN,20.90
2021-10-13 01:00,-0.98,0.00,3310.00,9831.83,63.43,-0.13,82.06,441.32,160.28,0.00,66.97,7.05,1136.00,4427.83,-0.09,0.00,NaN,50.91
2021-10-13 01:30,-0.51,0.00,3293.83,9540.33,64.53,-0.09,80.97,440.98,95.21,0.00,67.06,7.11,1056.83,4374.00,0.97,0.00,NaN,19.37
2021-10-13 02:00,-0.29,0.00,3302.17,9212.50,63.48,-0.17,81.89,442.25,79.12,0.00,66.98,11.83,1029.67,4265.67,-0.11,0.00,NaN,15.48
2021-10-13 02:30,-3.03,0.00,3209.50,8977.50,61.48,-0.17,80.95,440.85,78.06,0.00,66.56,3.77,1041.67,4215.50,-0.08,0.00,NaN,26.48
2021-10-13 03:00,-0.74,0.00,3058.67,8887.33,64.17,-0.17,82.09,441.43,78.44,0.00,66.32,3.77,1039.50,4231.50,-0.08,0.00,NaN,7.38
2021-10-13 03:30,-0.64,0.00,3078.33,8948.50,58.68,-0.17,82.29,442.47,78.39,0.00,66.94,3.17,1049.83,4127.17,-0.08,0.00,NaN,1.94
2021-10-13 04:00,-1.77,0.00,3098.17,8942.67,61.17,-0.24,81.08,441.45,79.14,0.00,67.92,0.42,1062.83,4222.00,-0.08,0.00,NaN,20.02
2021-10-13 04:30,-0.46,0.00,3119.83,9300.83,60.98,-0.20,82.02,441.23,78.99,0.00,67.99,2.15,1076.83,4303.00,5.38,0.00,NaN,27.17
2021-10-13 05:00,-0.60,0.00,3182.33,9536.00,62.23,-0.17,81.35,442.87,78.82,0.00,66.20,1.80,1333.50,4408.67,1.04,0.39,NaN,25.44
2021-10-13 05:30,-1.64,0.00,3249.33,9978.33,60.40,-0.24,81.51,442.80,116.13,0.00,67.70,1.77,1810.00,4516.33,1.19,14.17,NaN,41.34
2021-10-13 06:00,-1.19,0.00,3220.50,10505.33,62.30,-0.20,80.52,441.67,83.32,0.00,65.42,1.69,2068.00,4698.00,64.02,139.44,NaN,37.31
2021-10-13 06:30,-1.91,0.00,3475.00,10638.67,58.70,-0.19,82.02,442.87,77.67,0.00,66.72,0.99,2145.50,4709.17,549.17,496.14,NaN,34.21
2021-10-13 07:00,-3.49,0.00,3675.67,10421.83,54.18,-0.28,81.21,441.22,72.37,0.00,65.36,0.16,2051.17,4650.83,1358.83,1017.13,NaN,45.84
2021-10-13 07:30,-0.76,0.00,3440.33,10524.83,52.10,-0.21,81.96,443.43,-0.36,0.00,59.64,1.25,1883.17,4464.50,1960.83,1653.83,NaN,20.66
2021-10-13 08:00,-1.34,0.00,3392.83,10088.83,57.57,-0.07,83.46,445.70,0.01,0.00,52.99,3.24,1726.00,4519.17,2266.00,2329.67,NaN,5.92
2021-10-13 08:30,-3.64,-236.98,3163.33,10041.33,55.65,-0.07,81.35,443.12,-0.33,0.00,56.37,3.76,1674.67,4468.17,2544.17,2943.00,NaN,13.67
2021-10-13 09:00,-13.84,-236.78,3085.00,9464.50,54.17,-0.06,81.35,441.58,43.17,0.00,66.67,0.04,1347.00,4588.67,2562.50,3693.50,NaN,-242.80
2021-10-13 09:30,-21.65,-236.50,3034.50,8831.67,43.27,-0.15,82.47,443.12,45.55,0.00,67.79,1.52,1346.67,4509.00,2712.17,4411.25,NaN,-16.78
2021-10-13 10:00,-5.80,-236.57,2992.17,8749.33,44.05,-0.06,80.55,440.17,45.53,0.00,67.29,2.75,1398.67,4055.83,2865.67,4925.00,NaN,-12.93
2021-10-13 10:30,-35.61,-236.32,2922.50,8820.50,40.42,-0.15,81.68,441.18,41.79,0.00,66.11,1.33,1346.67,3969.67,2780.50,5204.67,NaN,-7.90
2021-10-13 11:00,-10.05,-235.65,2947.17,8830.50,38.23,-0.07,82.82,441.80,-1.10,0.00,63.27,20.79,1337.83,3928.50,2713.17,5294.50,NaN,-8.07
2021-10-13 11:30,-21.78,-235.30,2965.83,8874.67,41.43,-0.09,83.54,442.73,-1.09,0.00,58.33,5.17,1256.83,3966.17,2523.33,5410.00,NaN,-7.96
2021-10-13 12:00,-26.74,-235.15,2963.83,8846.50,36.32,-0.12,81.20,440.68,69.95,0.00,59.72,0.01,1194.00,4004.83,2542.67,5293.92,NaN,0.55
2021-10-13 12:30,-32.59,-235.18,2953.17,9305.67,10.57,-0.07,81.17,441.95,85.33,0.00,58.45,0.22,1113.00,3752.50,2343.67,5272.42,NaN,-1.42
2021-10-13 13:00,-13.22,-234.47,3190.00,9137.33,7.53,-0.13,83.66,441.42,80.31,0.00,54.37,18.30,1210.67,3527.67,2337.50,5105.25,NaN,-4.54
2021-10-13 13:30,-34.91,-234.93,3265.33,9232.17,18.52,-0.09,81.19,440.45,39.46,0.00,61.72,12.04,1297.33,3506.67,2257.50,4930.17,NaN,-6.50
2021-10-13 14:00,-7.83,-195.02,3476.83,9383.83,23.80,-0.08,81.34,445.07,-1.47,0.00,64.25,26.92,1419.17,3522.17,2032.83,4522.00,NaN,24.86
2021-10-13 14:30,-58.40,0.00,3493.50,9190.00,17.65,-0.17,79.64,497.30,-1.63,0.00,57.90,0.35,1574.17,3491.33,2023.17,4244.42,NaN,14.24
2021-10-13 15:00,-48.16,0.00,3198.00,9004.00,39.17,-0.12,82.46,657.17,-0.05,0.00,60.01,0.03,1903.33,3641.17,2054.33,4038.92,NaN,-2.64
2021-10-13 15:30,-8.44,0.00,3286.00,9556.00,42.38,-0.07,82.62,574.55,73.41,0.00,61.20,1.21,1963.33,3643.00,1879.17,3545.08,NaN,13.44
2021-10-13 16:00,-35.79,0.00,3320.83,9940.50,42.07,-0.13,82.15,578.45,196.57,0.01,62.44,1.42,2069.83,3645.83,2142.50,2888.92,NaN,15.12
2021-10-13 16:30,-41.28,0.00,3400.83,10383.67,41.22,-0.08,82.17,559.38,297.62,0.06,52.87,2.45,2094.00,3837.00,2166.50,2264.58,NaN,3.84
2021-10-13 17:00,-6.26,0.00,3943.00,10917.83,41.38,-0.08,84.35,675.42,344.80,0.02,32.91,8.28,2266.67,3713.67,1756.83,1664.53,NaN,5.18
2021-10-13 17:30,-17.94,0.00,4276.17,11491.50,41.63,21.37,83.28,891.35,547.35,0.07,34.20,21.90,2345.00,3494.50,1022.07,1005.00,NaN,335.80
2021-10-13 18:00,-21.29,0.00,4323.00,11761.17,38.02,45.51,79.48,940.37,588.42,0.08,37.65,30.08,3197.83,3496.00,324.92,453.09,NaN,45.40
2021-10-13 18:30,-6.55,0.00,4316.83,12095.33,38.47,44.60,41.59,1182.00,597.13,0.02,44.18,52.21,3593.83,3149.33,49.52,143.38,NaN,63.96
2021-10-13 19:00,-0.82,0.00,4303.50,12377.17,40.90,44.26,40.61,1206.50,609.83,0.04,35.08,35.47,3607.17,2934.83,3.30,24.52,NaN,69.09
2021-10-13 19:30,-1.30,0.00,4290.17,12367.83,42.67,44.00,40.25,1218.67,587.48,0.04,48.54,17.89,3401.00,2768.33,0.25,1.57,NaN,70.10
2021-10-13 20:00,-0.86,0.00,4320.17,12281.83,39.95,39.58,40.84,1221.00,547.13,0.05,49.94,30.22,3118.50,2724.83,0.11,0.00,NaN,63.13
2021-10-13 20:30,-0.83,0.00,4357.00,12244.17,37.52,-0.10,40.40,1216.17,412.22,0.05,53.35,13.92,2943.17,2565.50,-0.03,0.00,NaN,61.88
2021-10-13 21:00,-12.13,0.00,4343.50,11730.67,42.55,-0.15,40.37,1155.17,287.70,0.05,51.58,5.16,2702.00,2720.33,0.41,0.00,NaN,59.04
2021-10-13 21:30,-6.45,0.00,4303.67,11494.00,39.35,-0.07,40.93,1091.67,113.48,0.02,51.82,16.52,2622.50,2793.17,1.01,0.00,NaN,52.35
2021-10-13 22:00,-2.53,0.00,4343.33,11105.33,37.85,-0.12,40.62,901.60,109.72,0.01,51.07,12.63,2530.50,2763.00,-0.09,0.00,NaN,39.77
2021-10-13 22:30,-5.69,0.00,4371.83,11052.83,41.07,-0.14,40.49,758.60,108.90,0.00,51.30,11.72,2191.50,2861.33,1.02,0.00,NaN,108.20
2021-10-13 23:00,-17.05,0.00,4426.17,10922.17,42.18,-0.15,41.15,714.78,108.48,0.00,51.53,10.92,1933.83,2875.67,-0.09,0.00,NaN,34.41
2021-10-13 23:30,-0.85,0.00,4416.67,10716.67,42.07,-0.13,40.41,631.93,109.32,0.00,52.23,15.70,2120.00,2859.00,1.03,0.00,NaN,43.60
2021-10-14 00:00,-3.88,0.00,4420.50,10506.33,38.90,-0.07,40.65,624.18,109.12,0.00,54.63,5.17,2043.33,2949.67,-0.02,0.00,NaN,48.20
2021-10-14 00:30,-1.60,0.00,4411.83,10134.67,41.48,-0.07,52.84,628.97,89.42,0.01,50.93,7.94,1906.67,2991.67,-0.07,0.00,NaN,34.63
2021-10-14 01:00,-0.97,0.00,4379.17,9878.33,40.92,-0.10,63.93,633.40,79.34,0.01,53.88,16.40,1771.83,2968.67,-0.10,0.00,NaN,35.07
2021-10-14 01:30,-0.97,0.00,4239.50,9646.50,37.57,-0.15,77.97,629.63,79.51,0.00,53.40,21.44,1709.67,2914.67,0.95,0.00,NaN,33.96
2021-10-14 02:00,-6.17,0.00,4201.00,9390.50,40.53,-0.10,80.55,531.17,80.54,0.00,51.75,4.33,1642.83,2874.17,0.24,0.00,NaN,33.28
2021-10-14 02:30,-37.07,0.00,4168.50,9177.17,41.32,-0.07,81.82,526.45,80.34,0.00,50.85,4.41,1624.33,2800.50,1.03,0.00,NaN,29.34
2021-10-14 03:00,-23.20,0.00,4178.00,9037.67,41.48,-0.15,82.37,526.37,80.64,0.00,50.64,9.78,1691.50,2648.33,-0.09,0.00,NaN,23.73
2021-10-14 03:30,-30.31,0.00,4179.50,9039.33,39.45,-0.07,80.29,526.97,80.03,0.01,48.41,9.64,1678.67,2555.33,0.25,0.00,NaN,27.32
2021-10-14 04:00,-27.40,0.00,4146.67,9156.17,36.75,-0.12,81.29,526.82,80.11,0.01,51.31,11.52,1709.17,2579.17,-0.09,0.00,NaN,25.12
2021-10-14 04:30,-13.41,0.00,4132.17,9636.33,38.58,-0.17,82.11,527.27,80.04,0.00,41.06,20.65,1665.50,2625.00,-0.09,0.00,NaN,31.57
2021-10-14 05:00,-0.88,0.00,4291.67,10016.50,39.00,-0.09,82.21,536.17,80.44,0.01,19.00,19.00,1937.83,2449.17,-0.09,0.22,NaN,32.10
2021-10-14 05:30,-6.94,0.00,4257.50,10622.83,38.70,-0.09,80.40,620.50,90.84,0.01,19.05,10.90,2415.33,2379.33,0.46,9.47,NaN,80.56
2021-10-14 06:00,-8.63,0.00,4250.00,11080.33,42.43,-0.09,80.69,635.45,98.67,0.01,19.04,10.31,2757.00,2366.50,63.96,98.49,NaN,56.20
2021-10-14 06:30,-12.06,0.00,4240.67,11297.83,42.78,-0.11,80.45,641.40,161.08,0.03,19.06,4.45,2778.67,2520.17,610.30,365.55,NaN,95.78
2021-10-14 07:00,-22.25,0.00,4242.33,11039.00,41.18,-0.12,81.52,651.67,195.02,0.06,19.03,3.29,2823.50,2448.50,1445.00,854.91,NaN,62.38
2021-10-14 07:30,-18.56,0.00,4257.83,10790.17,39.70,-0.18,81.74,632.08,121.30,0.08,17.72,0.17,2584.17,2327.83,2122.50,1508.97,NaN,61.85
2021-10-14 08:00,-8.43,0.00,4284.00,10467.00,42.08,-0.12,84.45,627.55,106.51,0.07,15.44,2.25,2350.83,2134.17,2329.83,2299.67,NaN,42.03
2021-10-14 08:30,-22.40,0.00,4270.83,9978.33,38.13,-0.08,81.99,629.33,3.63,0.07,13.80,0.08,2208.83,2063.83,2412.67,3179.92,NaN,46.81
2021-10-14 09:00,-6.07,0.00,4022.83,9219.17,39.55,-0.11,83.73,622.30,-0.52,0.05,14.84,55.14,1772.67,2010.00,2857.50,4103.08,NaN,15.34
2021-10-14 09:30,-18.84,0.00,3985.83,8636.33,42.08,-0.10,85.77,479.65,-0.99,0.04,15.71,47.97,1768.00,1842.83,3006.67,4933.75,NaN,23.35
2021-10-14 10:00,-58.63,0.00,3732.33,8285.67,42.68,-0.09,80.66,444.47,17.84,0.02,16.26,51.42,1763.67,1838.50,3181.67,5456.67,NaN,19.85
2021-10-14 10:30,-8.39,0.00,3580.00,8166.50,43.05,-0.15,84.02,447.55,13.13,0.02,18.86,53.96,1749.33,1769.67,3190.17,5828.33,NaN,23.16
2021-10-14 11:00,-61.12,0.00,3450.50,8125.50,40.35,-0.07,80.48,444.42,16.42,0.01,17.43,29.66,1687.83,1715.83,3252.67,6023.83,NaN,25.82
2021-10-14 11:30,-110.28,0.00,3429.17,7922.67,44.63,-0.14,84.12,444.98,22.83,0.01,19.04,99.44,1458.00,1693.33,3179.50,6408.67,NaN,22.66
2021-10-14 12:00,-24.95,0.00,3710.00,8098.50,29.22,-0.07,85.11,445.88,27.52,0.01,20.72,35.68,1411.00,1591.50,2941.17,6545.67,NaN,24.15
2021-10-14 12:30,-19.18,0.00,3832.67,8016.33,26.65,-0.09,81.18,442.72,28.99,0.02,24.43,16.31,1413.17,1400.67,3084.50,6370.67,NaN,31.42
2021-10-14 13:00,-17.81,0.00,3839.50,7940.50,34.10,-0.17,80.89,441.35,29.33,0.03,23.31,0.60,1468.17,1323.67,3230.50,6189.00,NaN,24.44
2021-10-14 13:30,-6.84,0.00,3998.33,8117.50,34.92,-0.11,83.01,443.42,29.13,0.02,22.61,1.45,1628.83,1415.33,3159.00,5840.17,NaN,34.38
2021-10-14 14:00,-6.66,0.00,4225.67,8484.67,35.65,-0.07,82.61,447.05,28.73,0.00,26.43,9.22,1863.67,1512.17,2643.17,5291.83,NaN,48.69
2021-10-14 14:30,-12.72,0.00,4185.00,8810.00,25.68,-0.07,80.72,501.22,37.64,0.00,27.05,1.74,1917.17,1569.67,2638.17,4674.08,NaN,57.05
2021-10-14 15:00,-20.52,0.00,4185.50,8821.00,20.45,-0.09,79.92,654.00,28.23,0.00,25.88,0.63,2035.50,1449.67,2702.17,4178.83,NaN,53.91
2021-10-14 15:30,-17.97,0.00,3993.33,8954.83,29.50,-0.07,80.29,732.42,59.27,0.00,27.11,0.60,2051.67,1744.67,2753.50,3801.08,NaN,29.25
2021-10-14 16:00,-36.72,0.00,4236.33,9419.33,25.38,-0.13,87.49,757.72,159.33,0.00,28.73,8.93,2251.67,1595.00,2470.67,3347.42,NaN,35.17
2021-10-14 16:30,-22.98,0.00,4273.33,9839.00,20.97,21.66,185.95,728.42,266.43,0.00,28.83,14.93,2681.17,1602.50,2337.83,2627.67,NaN,45.35
2021-10-14 17:00,-0.11,0.00,3989.67,10708.00,23.95,66.04,314.02,912.90,469.73,0.00,27.10,59.89,3418.83,1501.00,1558.83,1760.46,NaN,88.43
2021-10-14 17:30,-0.14,0.00,3374.50,11381.83,27.47,138.60,524.20,1171.00,900.00,0.00,27.10,86.88,3873.83,1515.50,587.25,993.90,NaN,237.50
2021-10-14 18:00,-2.18,0.00,3223.00,11490.50,26.02,184.70,715.77,1426.67,1107.33,0.00,27.19,47.95,4055.00,1574.00,180.38,470.10,NaN,234.30
2021-10-14 18:30,-5.43,0.00,3194.83,11493.17,19.95,191.75,734.10,1485.33,1275.67,0.00,27.20,15.33,4057.83,1854.67,54.40,163.11,NaN,216.60
2021-10-14 19:00,-6.40,0.00,3165.00,11550.67,24.45,103.83,735.12,1491.17,1299.50,0.00,27.27,20.57,4087.50,2047.67,2.22,31.41,NaN,233.00
2021-10-14 19:30,-13.11,0.00,3197.50,11523.83,24.47,100.17,626.17,1452.00,1189.17,0.00,27.20,26.45,3964.33,2103.50,0.07,2.37,NaN,135.40
2021-10-14 20:00,-2.65,0.00,3208.17,11609.00,19.93,67.85,622.80,1419.83,1110.83,0.00,27.34,69.13,3558.00,2222.83,0.04,0.00,NaN,114.60
2021-10-14 20:30,-0.09,0.00,3190.50,11571.67,15.12,42.14,626.15,1332.67,848.10,0.00,22.55,53.62,3310.17,2422.17,0.02,0.00,NaN,149.80
2021-10-14 21:00,-16.30,0.00,3243.33,11422.83,25.53,-0.26,612.78,1216.83,645.58,0.00,25.41,5.09,3201.67,2406.50,-0.02,0.00,NaN,74.51
2021-10-14 21:30,-8.24,0.00,3679.33,11296.50,24.58,-0.20,456.48,1141.17,475.73,0.00,25.55,7.48,2985.00,2278.17,0.00,0.00,NaN,64.56
2021-10-14 22:00,-12.92,0.00,4012.67,10960.33,24.95,-0.13,238.88,1099.17,403.03,0.00,25.53,3.65,2596.00,2395.33,-0.04,0.00,NaN,56.43
2021-10-14 22:30,-13.57,0.00,4217.00,10882.50,32.97,-0.18,116.38,1103.83,289.47,0.00,25.57,1.12,2189.50,2488.83,-0.03,0.00,NaN,44.37
2021-10-14 23:00,-37.09,0.00,4302.17,10775.50,34.53,-0.20,123.60,1106.83,207.35,0.00,25.54,0.77,1932.83,2499.50,0.00,0.00,NaN,37.49
2021-10-14 23:30,-29.87,0.00,4454.17,10628.00,34.80,-0.18,120.18,968.40,73.39,0.00,25.56,3.26,2011.00,2559.50,-0.04,0.00,NaN,31.13
2021-10-15 00:00,-2.16,0.00,4427.50,10044.83,32.20,-0.27,122.95,903.00,5.91,0.00,25.54,9.05,2179.50,2949.00,-0.04,0.00,NaN,48.57
2021-10-15 00:30,-41.00,0.00,4393.00,9803.67,35.35,-0.21,88.77,783.32,70.83,0.00,25.57,1.85,1967.17,3100.83,5.44,0.00,NaN,23.73
2021-10-15 01:00,-12.90,0.00,4388.83,9474.17,37.48,-0.18,82.54,628.07,103.16,0.00,25.59,7.92,2085.33,3072.50,-0.01,0.00,NaN,44.92
2021-10-15 01:30,-0.22,0.00,4417.50,9390.50,35.67,-0.26,81.61,477.45,11.78,0.00,25.58,12.38,1917.67,2899.33,-0.13,0.00,NaN,80.27
2021-10-15 02:00,-0.66,0.00,4382.67,9197.33,39.02,-0.21,82.02,446.05,6.76,0.00,25.59,13.86,1836.33,2780.50,-0.17,0.00,NaN,51.86
2021-10-15 02:30,-16.05,0.00,4238.83,9152.00,43.98,-0.17,82.97,444.98,6.48,0.00,25.56,15.42,1840.17,2635.67,0.27,0.00,NaN,50.15
2021-10-15 03:00,-20.46,0.00,4132.17,8978.83,38.55,-0.24,80.86,444.12,6.72,0.00,25.58,8.84,1793.00,2750.67,-0.13,0.00,NaN,41.61
2021-10-15 03:30,-20.85,0.00,4072.17,9014.67,36.65,-0.18,82.70,447.02,7.65,0.00,25.57,18.28,1796.00,2697.00,-0.13,0.00,NaN,30.52
2021-10-15 04:00,-21.50,0.00,4009.17,9391.00,40.55,-0.21,81.11,444.43,7.61,0.00,25.19,8.70,1759.00,2634.83,-0.13,0.00,NaN,36.53
2021-10-15 04:30,-9.22,0.00,4126.00,9500.00,41.83,-0.22,81.81,444.27,8.21,0.00,25.61,3.91,1817.50,2811.67,-0.14,0.00,NaN,76.48
2021-10-15 05:00,-0.86,0.00,4172.67,9598.00,40.52,-0.20,82.45,448.03,73.29,0.00,25.59,10.00,1995.00,3026.17,-0.13,0.58,NaN,52.37
2021-10-15 05:30,-2.59,0.00,4158.67,9870.83,44.92,-0.24,81.50,450.72,240.47,0.00,25.63,7.87,2557.83,2969.00,0.36,19.07,NaN,56.99
2021-10-15 06:00,-7.01,0.00,4158.67,10408.50,44.63,-0.17,80.85,449.08,249.12,0.00,25.59,3.58,2642.67,3102.17,49.35,172.68,NaN,60.32
2021-10-15 06:30,-9.79,0.00,4138.33,10592.33,44.27,-0.17,79.94,449.18,253.57,0.00,25.58,1.28,2868.83,3285.17,431.20,560.15,NaN,102.60
2021-10-15 07:00,-5.04,0.00,4158.67,10430.17,46.45,-0.26,82.15,449.08,191.25,0.00,25.59,17.86,2857.00,3441.33,846.83,1272.37,NaN,60.57
2021-10-15 07:30,-12.88,0.00,4161.33,10072.67,42.87,-0.26,83.67,448.93,90.01,0.00,25.51,17.18,2886.67,3220.00,1309.50,2229.75,NaN,62.52
2021-10-15 08:00,-16.31,0.00,4110.00,10059.00,41.40,-0.21,84.06,447.42,23.49,0.00,25.53,25.64,2576.67,2996.33,1665.17,3045.25,NaN,38.30
2021-10-15 08:30,-28.73,0.00,3695.67,10197.83,45.62,-0.19,85.43,448.03,27.13,0.00,25.53,1.54,2163.83,2933.50,1852.50,3558.50,NaN,7.86
2021-10-15 09:00,-45.40,0.00,3271.50,9904.83,44.65,-0.21,79.73,443.43,28.59,0.00,25.52,0.62,1939.83,3169.17,2150.50,4187.58,NaN,14.32
2021-10-15 09:30,-45.95,0.00,2963.00,9522.33,36.63,-0.17,83.20,445.30,28.38,0.00,25.51,0.99,1301.00,3424.00,2484.17,4858.08,NaN,-5.22
2021-10-15 10:00,-34.33,0.00,2974.83,8818.17,39.90,-0.16,86.61,447.57,32.81,0.00,25.49,7.23,1065.62,3263.83,2645.17,5714.67,NaN,-15.59
2021-10-15 10:30,-54.78,0.00,2759.17,8593.50,39.87,-0.27,84.63,444.08,39.70,0.00,25.44,8.69,1031.92,3453.00,2166.50,6485.08,NaN,-18.39
2021-10-15 11:00,-45.04,0.00,2734.50,8379.50,32.77,-0.21,85.86,444.32,0.62,0.00,25.44,12.96,1055.67,3460.83,1817.17,7071.92,NaN,-23.10
2021-10-15 11:30,-44.48,0.00,2761.17,8424.17,23.95,-0.18,86.24,445.73,2.07,0.00,25.45,19.34,1062.50,3521.00,1861.67,7320.67,NaN,-27.68